,16 17 17,17 17 17,18 17 17,
700.1,-158.113,-104.269,-99.7294,
700.2,-212.673,-108.065,-99.4222,
700.3,-263.957,-111.465,-99.1216,
700.4,-312.185,-114.506,-98.8284,
700.5,-357.56,-117.219,-98.543,
700.6,-400.273,-119.634,-98.266,
700.7,-440.502,-121.779,-97.9976,
700.8,-478.41,-123.677,-97.7381,
700.9,-514.15,-125.352,-97.4877,
701,-547.867,-126.824,-97.2463,
701.1,-579.692,-128.113,-97.014,
701.2,-609.749,-129.235,-96.7907,
701.3,-638.155,-130.206,-96.5764,
701.4,-665.016,-131.04,-96.3709,
701.5,-690.432,-131.752,-96.1741,
701.6,-714.497,-132.352,-95.9857,
701.7,-737.297,-132.851,-95.8056,
701.8,-758.913,-133.26,-95.6336,
701.9,-779.421,-133.588,-95.4693,
702,-798.891,-133.842,-95.3125,
702.1,-817.388,-134.03,-95.1631,
702.2,-834.974,-134.16,-95.0206,
702.3,-851.705,-134.236,-94.885,
702.4,-867.634,-134.266,-94.7558,
702.5,-882.812,-134.253,-94.6329,
702.6,-897.283,-134.203,-94.5159,
702.7,-911.09,-134.119,-94.4047,
702.8,-924.275,-134.006,-94.299,
702.9,-936.875,-133.868,-94.1986,
703,-948.923,-133.706,-94.1031,
703.1,-960.454,-133.524,-94.0124,
703.2,-971.497,-133.324,-93.9263,
703.3,-982.081,-133.109,-93.8445,
703.4,-992.232,-132.882,-93.7668,
703.5,-1001.98,-132.642,-93.693,
703.6,-1011.33,-132.393,-93.623,
703.7,-1020.33,-132.136,-93.5565,
703.8,-1028.98,-131.873,-93.4935,
703.9,-1037.31,-131.603,-93.4336,
704,-1045.33,-131.33,-93.3767,
704.1,-1053.06,-131.052,-93.3228,
704.2,-1060.52,-130.772,-93.2715,
704.3,-1067.72,-130.491,-93.2229,
704.4,-1074.67,-130.208,-93.1767,
704.5,-1081.38,-129.924,-93.1329,
704.6,-1087.88,-129.641,-93.0913,
704.7,-1094.16,-129.357,-93.0518,
704.8,-1100.25,-129.075,-93.0142,
704.9,-1106.14,-128.794,-92.9786,
705,-1111.85,-128.515,-92.9447,
705.1,-1117.39,-128.24,-92.9125,
705.2,-1122.77,-127.969,-92.882,
705.3,-1127.98,-127.704,-92.8529,
705.4,-1133.05,-127.444,-92.8253,
705.5,-1137.97,-127.189,-92.7989,
705.6,-1142.76,-126.94,-92.7739,
705.7,-1147.41,-126.696,-92.75,
705.8,-1151.94,-126.456,-92.7273,
705.9,-1156.35,-126.222,-92.7056,
706,-1160.64,-125.993,-92.6849,
706.1,-1164.82,-125.769,-92.6651,
706.2,-1168.9,-125.55,-92.6463,
706.3,-1172.87,-125.336,-92.6282,
706.4,-1176.75,-125.127,-92.611,
706.5,-1180.53,-124.922,-92.5945,
706.6,-1184.22,-124.722,-92.5787,
706.7,-1187.82,-124.526,-92.5636,
706.8,-1191.34,-124.335,-92.5491,
706.9,-1194.77,-124.148,-92.5352,
707,-1198.13,-123.966,-92.5218,
707.1,-1201.41,-123.787,-92.509,
707.2,-1204.61,-123.613,-92.4967,
707.3,-1207.75,-123.442,-92.4849,
707.4,-1210.81,-123.276,-92.4736,
707.5,-1213.81,-123.113,-92.4626,
707.6,-1216.74,-122.954,-92.4521,
707.7,-1219.61,-122.799,-92.442,
707.8,-1222.42,-122.647,-92.4323,
707.9,-1225.17,-122.498,-92.4229,
708,-1227.87,-122.353,-92.4138,
708.1,-1230.5,-122.211,-92.4051,
708.2,-1233.09,-122.072,-92.3967,
708.3,-1235.62,-121.936,-92.3886,
708.4,-1238.1,-121.803,-92.3807,
708.5,-1240.53,-121.674,-92.3731,
708.6,-1242.91,-121.547,-92.3658,
708.7,-1245.24,-121.422,-92.3587,
708.8,-1247.52,-121.301,-92.3519,
708.9,-1249.77,-121.182,-92.3452,
709,-1251.96,-121.065,-92.3388,
709.1,-1254.12,-120.952,-92.3326,
709.2,-1256.23,-120.84,-92.3266,
709.3,-1258.3,-120.731,-92.3208,
709.4,-1260.34,-120.624,-92.3152,
709.5,-1262.33,-120.52,-92.3097,
709.6,-1264.28,-120.417,-92.3045,
709.7,-1266.2,-120.317,-92.2993,
709.8,-1268.08,-120.219,-92.2944,
709.9,-1269.93,-120.123,-92.2896,
710,-1271.74,-120.029,-92.2849,
710.1,-1273.52,-119.937,-92.2804,
710.2,-1275.27,-119.846,-92.276,
710.3,-1276.98,-119.758,-92.2718,
710.4,-1278.66,-119.671,-92.2677,
710.5,-1280.31,-119.586,-92.2637,
710.6,-1281.93,-119.503,-92.2598,
710.7,-1283.51,-119.421,-92.256,
710.8,-1285.07,-119.341,-92.2524,
710.9,-1286.61,-119.263,-92.2489,
711,-1288.11,-119.186,-92.2454,
711.1,-1289.58,-119.111,-92.2421,
711.2,-1291.03,-119.037,-92.2389,
711.3,-1292.45,-118.964,-92.2358,
711.4,-1293.85,-118.893,-92.2327,
711.5,-1295.22,-118.824,-92.2298,
711.6,-1296.57,-118.755,-92.2269,
711.7,-1297.89,-118.688,-92.2242,
711.8,-1299.19,-118.623,-92.2215,
711.9,-1300.46,-118.558,-92.2189,
712,-1301.71,-118.495,-92.2163,
712.1,-1302.94,-118.433,-92.2139,
712.2,-1304.15,-118.372,-92.2115,
712.3,-1305.33,-118.313,-92.2092,
712.4,-1306.5,-118.254,-92.207,
712.5,-1307.64,-118.197,-92.2048,
712.6,-1308.76,-118.14,-92.2028,
712.7,-1309.86,-118.085,-92.2007,
712.8,-1310.95,-118.031,-92.1988,
712.9,-1312.01,-117.978,-92.1969,
713,-1313.05,-117.925,-92.195,
713.1,-1314.08,-117.874,-92.1933,
713.2,-1315.09,-117.824,-92.1915,
713.3,-1316.08,-117.774,-92.1899,
713.4,-1317.05,-117.726,-92.1883,
713.5,-1318,-117.678,-92.1867,
713.6,-1318.94,-117.631,-92.1852,
713.7,-1319.86,-117.586,-92.1838,
713.8,-1320.76,-117.541,-92.1823,
713.9,-1321.65,-117.496,-92.181,
714,-1322.52,-117.453,-92.1797,
714.1,-1323.38,-117.41,-92.1784,
714.2,-1324.22,-117.368,-92.1772,
714.3,-1325.05,-117.327,-92.176,
714.4,-1325.86,-117.287,-92.1749,
714.5,-1326.66,-117.247,-92.1738,
714.6,-1327.44,-117.209,-92.1727,
714.7,-1328.21,-117.17,-92.1717,
714.8,-1328.97,-117.133,-92.1707,
714.9,-1329.71,-117.096,-92.1698,
715,-1330.44,-117.06,-92.1689,
715.1,-1331.16,-117.025,-92.168,
715.2,-1331.86,-116.99,-92.1672,
715.3,-1332.55,-116.955,-92.1664,
715.4,-1333.23,-116.922,-92.1656,
715.5,-1333.9,-116.889,-92.1648,
715.6,-1334.55,-116.856,-92.1641,
715.7,-1335.2,-116.825,-92.1634,
715.8,-1335.83,-116.793,-92.1628,
715.9,-1336.45,-116.763,-92.1622,
716,-1337.06,-116.732,-92.1616,
716.1,-1337.66,-116.703,-92.161,
716.2,-1338.25,-116.674,-92.1604,
716.3,-1338.83,-116.645,-92.1599,
716.4,-1339.4,-116.617,-92.1594,
716.5,-1339.95,-116.59,-92.1589,
716.6,-1340.5,-116.563,-92.1585,
716.7,-1341.04,-116.536,-92.1581,
716.8,-1341.57,-116.51,-92.1577,
716.9,-1342.09,-116.484,-92.1573,
717,-1342.6,-116.459,-92.1569,
717.1,-1343.1,-116.434,-92.1566,
717.2,-1343.59,-116.41,-92.1562,
717.3,-1344.08,-116.386,-92.1559,
717.4,-1344.55,-116.363,-92.1556,
717.5,-1345.02,-116.34,-92.1554,
717.6,-1345.48,-116.317,-92.1551,
717.7,-1345.93,-116.295,-92.1549,
717.8,-1346.37,-116.273,-92.1547,
717.9,-1346.81,-116.252,-92.1544,
718,-1347.23,-116.23,-92.1543,
718.1,-1347.65,-116.21,-92.1541,
718.2,-1348.07,-116.189,-92.1539,
718.3,-1348.47,-116.169,-92.1538,
718.4,-1348.87,-116.15,-92.1536,
718.5,-1349.26,-116.131,-92.1535,
718.6,-1349.64,-116.112,-92.1534,
718.7,-1350.02,-116.093,-92.1533,
718.8,-1350.39,-116.075,-92.1532,
718.9,-1350.75,-116.057,-92.1531,
719,-1351.11,-116.039,-92.1531,
719.1,-1351.46,-116.022,-92.153,
719.2,-1351.81,-116.005,-92.153,
719.3,-1352.15,-115.988,-92.153,
719.4,-1352.48,-115.972,-92.1529,
719.5,-1352.81,-115.956,-92.1529,
719.6,-1353.13,-115.94,-92.1529,
719.7,-1353.44,-115.924,-92.1529,
719.8,-1353.75,-115.909,-92.1529,
719.9,-1354.06,-115.894,-92.153,
720,-1354.36,-115.879,-92.153,
720.1,-1354.65,-115.865,-92.153,
720.2,-1354.94,-115.851,-92.1531,
720.3,-1355.22,-115.837,-92.1531,
720.4,-1355.5,-115.823,-92.1532,
720.5,-1355.78,-115.81,-92.1532,
720.6,-1356.04,-115.796,-92.1533,
720.7,-1356.31,-115.783,-92.1534,
720.8,-1356.57,-115.771,-92.1535,
720.9,-1356.82,-115.758,-92.1536,
721,-1357.07,-115.746,-92.1537,
721.1,-1357.32,-115.734,-92.1538,
721.2,-1357.56,-115.722,-92.1539,
721.3,-1357.8,-115.71,-92.154,
721.4,-1358.03,-115.698,-92.1541,
721.5,-1358.26,-115.687,-92.1542,
721.6,-1358.49,-115.676,-92.1543,
721.7,-1358.71,-115.665,-92.1544,
721.8,-1358.92,-115.654,-92.1546,
721.9,-1359.14,-115.644,-92.1547,
722,-1359.35,-115.634,-92.1548,
722.1,-1359.55,-115.624,-92.155,
722.2,-1359.76,-115.614,-92.1551,
722.3,-1359.95,-115.604,-92.1553,
722.4,-1360.15,-115.594,-92.1554,
722.5,-1360.34,-115.585,-92.1556,
722.6,-1360.53,-115.575,-92.1557,
722.7,-1360.71,-115.566,-92.1559,
722.8,-1360.9,-115.557,-92.156,
722.9,-1361.07,-115.549,-92.1562,
723,-1361.25,-115.54,-92.1564,
723.1,-1361.42,-115.531,-92.1565,
723.2,-1361.59,-115.523,-92.1567,
723.3,-1361.76,-115.515,-92.1569,
723.4,-1361.92,-115.507,-92.157,
723.5,-1362.08,-115.499,-92.1572,
723.6,-1362.24,-115.491,-92.1574,
723.7,-1362.39,-115.484,-92.1575,
723.8,-1362.55,-115.476,-92.1577,
723.9,-1362.7,-115.469,-92.1579,
724,-1362.84,-115.461,-92.1581,
724.1,-1362.99,-115.454,-92.1582,
724.2,-1363.13,-115.447,-92.1584,
724.3,-1363.27,-115.44,-92.1586,
724.4,-1363.4,-115.434,-92.1588,
724.5,-1363.54,-115.427,-92.159,
724.6,-1363.67,-115.421,-92.1591,
724.7,-1363.8,-115.414,-92.1593,
724.8,-1363.93,-115.408,-92.1595,
724.9,-1364.05,-115.402,-92.1597,
725,-1364.18,-115.396,-92.1599,
725.1,-1364.3,-115.39,-92.1601,
725.2,-1364.41,-115.384,-92.1602,
725.3,-1364.53,-115.378,-92.1604,
725.4,-1364.65,-115.373,-92.1606,
725.5,-1364.76,-115.367,-92.1608,
725.6,-1364.87,-115.362,-92.161,
725.7,-1364.98,-115.356,-92.1611,
725.8,-1365.08,-115.351,-92.1613,
725.9,-1365.19,-115.346,-92.1615,
726,-1365.29,-115.341,-92.1617,
726.1,-1365.39,-115.336,-92.1619,
726.2,-1365.49,-115.331,-92.162,
726.3,-1365.59,-115.326,-92.1622,
726.4,-1365.68,-115.321,-92.1624,
726.5,-1365.78,-115.317,-92.1626,
726.6,-1365.87,-115.312,-92.1628,
726.7,-1365.96,-115.308,-92.1629,
726.8,-1366.05,-115.303,-92.1631,
726.9,-1366.14,-115.299,-92.1633,
727,-1366.23,-115.295,-92.1635,
727.1,-1366.31,-115.29,-92.1636,
727.2,-1366.39,-115.286,-92.1638,
727.3,-1366.47,-115.282,-92.164,
727.4,-1366.55,-115.278,-92.1642,
727.5,-1366.63,-115.275,-92.1643,
727.6,-1366.71,-115.271,-92.1645,
727.7,-1366.79,-115.267,-92.1647,
727.8,-1366.86,-115.263,-92.1648,
727.9,-1366.93,-115.26,-92.165,
728,-1367.01,-115.256,-92.1652,
728.1,-1367.08,-115.253,-92.1653,
728.2,-1367.15,-115.249,-92.1655,
728.3,-1367.22,-115.246,-92.1657,
728.4,-1367.28,-115.243,-92.1658,
728.5,-1367.35,-115.239,-92.166,
728.6,-1367.41,-115.236,-92.1661,
728.7,-1367.48,-115.233,-92.1663,
728.8,-1367.54,-115.23,-92.1664,
728.9,-1367.6,-115.227,-92.1666,
729,-1367.66,-115.224,-92.1667,
729.1,-1367.72,-115.221,-92.1669,
729.2,-1367.78,-115.218,-92.167,
729.3,-1367.84,-115.215,-92.1672,
729.4,-1367.89,-115.212,-92.1673,
729.5,-1367.95,-115.21,-92.1674,
729.6,-1368,-115.207,-92.1676,
729.7,-1368.05,-115.204,-92.1677,
729.8,-1368.11,-115.202,-92.1678,
729.9,-1368.16,-115.199,-92.168,
730,-1368.21,-115.197,-92.1681,
730.1,-1368.26,-115.194,-92.1682,
730.2,-1368.31,-115.192,-92.1683,
730.3,-1368.35,-115.19,-92.1684,
730.4,-1368.4,-115.187,-92.1685,
730.5,-1368.45,-115.185,-92.1687,
730.6,-1368.49,-115.183,-92.1688,
730.7,-1368.54,-115.181,-92.1689,
730.8,-1368.58,-115.178,-92.169,
730.9,-1368.62,-115.176,-92.1691,
731,-1368.67,-115.174,-92.1692,
731.1,-1368.71,-115.172,-92.1693,
731.2,-1368.75,-115.17,-92.1694,
731.3,-1368.79,-115.168,-92.1695,
731.4,-1368.83,-115.166,-92.1696,
731.5,-1368.87,-115.164,-92.1697,
731.6,-1368.91,-115.162,-92.1698,
731.7,-1368.94,-115.161,-92.1699,
731.8,-1368.98,-115.159,-92.1699,
731.9,-1369.01,-115.157,-92.17,
732,-1369.05,-115.155,-92.1701,
732.1,-1369.09,-115.154,-92.1702,
732.2,-1369.12,-115.152,-92.1703,
732.3,-1369.15,-115.15,-92.1704,
732.4,-1369.19,-115.149,-92.1704,
732.5,-1369.22,-115.147,-92.1705,
732.6,-1369.25,-115.145,-92.1706,
732.7,-1369.28,-115.144,-92.1707,
732.8,-1369.31,-115.142,-92.1708,
732.9,-1369.34,-115.141,-92.1708,
733,-1369.37,-115.139,-92.1709,
733.1,-1369.4,-115.138,-92.171,
733.2,-1369.43,-115.137,-92.171,
733.3,-1369.46,-115.135,-92.1711,
733.4,-1369.48,-115.134,-92.1712,
733.5,-1369.51,-115.132,-92.1712,
733.6,-1369.54,-115.131,-92.1713,
733.7,-1369.56,-115.13,-92.1714,
733.8,-1369.59,-115.129,-92.1714,
733.9,-1369.62,-115.127,-92.1715,
734,-1369.64,-115.126,-92.1716,
734.1,-1369.66,-115.125,-92.1716,
734.2,-1369.69,-115.124,-92.1717,
734.3,-1369.71,-115.123,-92.1717,
734.4,-1369.73,-115.121,-92.1718,
734.5,-1369.76,-115.12,-92.1718,
734.6,-1369.78,-115.119,-92.1719,
734.7,-1369.8,-115.118,-92.1719,
734.8,-1369.82,-115.117,-92.172,
734.9,-1369.84,-115.116,-92.172,
735,-1369.87,-115.115,-92.1721,
735.1,-1369.89,-115.114,-92.1721,
735.2,-1369.91,-115.113,-92.1722,
735.3,-1369.93,-115.112,-92.1722,
735.4,-1369.94,-115.111,-92.1723,
735.5,-1369.96,-115.11,-92.1723,
735.6,-1369.98,-115.109,-92.1724,
735.7,-1370,-115.108,-92.1724,
735.8,-1370.02,-115.107,-92.1725,
735.9,-1370.04,-115.107,-92.1725,
736,-1370.05,-115.106,-92.1726,
736.1,-1370.07,-115.105,-92.1726,
736.2,-1370.09,-115.104,-92.1726,
736.3,-1370.1,-115.103,-92.1727,
736.4,-1370.12,-115.102,-92.1727,
736.5,-1370.14,-115.102,-92.1728,
736.6,-1370.15,-115.101,-92.1728,
736.7,-1370.17,-115.1,-92.1728,
736.8,-1370.18,-115.099,-92.1729,
736.9,-1370.2,-115.099,-92.1729,
737,-1370.21,-115.098,-92.1729,
737.1,-1370.23,-115.097,-92.173,
737.2,-1370.24,-115.097,-92.173,
737.3,-1370.25,-115.096,-92.173,
737.4,-1370.27,-115.095,-92.1731,
737.5,-1370.28,-115.095,-92.1731,
737.6,-1370.29,-115.094,-92.1731,
737.7,-1370.31,-115.093,-92.1732,
737.8,-1370.32,-115.093,-92.1732,
737.9,-1370.33,-115.092,-92.1732,
738,-1370.34,-115.091,-92.1733,
738.1,-1370.35,-115.091,-92.1733,
738.2,-1370.37,-115.09,-92.1733,
738.3,-1370.38,-115.09,-92.1733,
738.4,-1370.39,-115.089,-92.1734,
738.5,-1370.4,-115.089,-92.1734,
738.6,-1370.41,-115.088,-92.1734,
738.7,-1370.42,-115.088,-92.1735,
738.8,-1370.43,-115.087,-92.1735,
738.9,-1370.44,-115.087,-92.1735,
739,-1370.45,-115.086,-92.1735,
739.1,-1370.46,-115.086,-92.1736,
739.2,-1370.47,-115.085,-92.1736,
739.3,-1370.48,-115.085,-92.1736,
739.4,-1370.49,-115.084,-92.1736,
739.5,-1370.5,-115.084,-92.1736,
739.6,-1370.51,-115.083,-92.1737,
739.7,-1370.52,-115.083,-92.1737,
739.8,-1370.53,-115.082,-92.1737,
739.9,-1370.54,-115.082,-92.1737,
740,-1370.55,-115.081,-92.1738,
740.1,-1370.55,-115.081,-92.1738,
740.2,-1370.56,-115.081,-92.1738,
740.3,-1370.57,-115.08,-92.1738,
740.4,-1370.58,-115.08,-92.1738,
740.5,-1370.59,-115.079,-92.1739,
740.6,-1370.59,-115.079,-92.1739,
740.7,-1370.6,-115.079,-92.1739,
740.8,-1370.61,-115.078,-92.1739,
740.9,-1370.62,-115.078,-92.1739,
741,-1370.62,-115.078,-92.1739,
741.1,-1370.63,-115.077,-92.174,
741.2,-1370.64,-115.077,-92.174,
741.3,-1370.64,-115.077,-92.174,
741.4,-1370.65,-115.076,-92.174,
741.5,-1370.66,-115.076,-92.174,
741.6,-1370.66,-115.076,-92.174,
741.7,-1370.67,-115.075,-92.1741,
741.8,-1370.68,-115.075,-92.1741,
741.9,-1370.68,-115.075,-92.1741,
742,-1370.69,-115.074,-92.1741,
742.1,-1370.69,-115.074,-92.1741,
742.2,-1370.7,-115.074,-92.1741,
742.3,-1370.7,-115.074,-92.1741,
742.4,-1370.71,-115.073,-92.1742,
742.5,-1370.72,-115.073,-92.1742,
742.6,-1370.72,-115.073,-92.1742,
742.7,-1370.73,-115.073,-92.1742,
742.8,-1370.73,-115.072,-92.1742,
742.9,-1370.74,-115.072,-92.1742,
743,-1370.74,-115.072,-92.1742,
743.1,-1370.75,-115.072,-92.1742,
743.2,-1370.75,-115.071,-92.1743,
743.3,-1370.76,-115.071,-92.1743,
743.4,-1370.76,-115.071,-92.1743,
743.5,-1370.77,-115.071,-92.1743,
743.6,-1370.77,-115.07,-92.1743,
743.7,-1370.77,-115.07,-92.1743,
743.8,-1370.78,-115.07,-92.1743,
743.9,-1370.78,-115.07,-92.1743,
744,-1370.79,-115.07,-92.1743,
744.1,-1370.79,-115.069,-92.1744,
744.2,-1370.8,-115.069,-92.1744,
744.3,-1370.8,-115.069,-92.1744,
744.4,-1370.8,-115.069,-92.1744,
744.5,-1370.81,-115.069,-92.1744,
744.6,-1370.81,-115.068,-92.1744,
744.7,-1370.81,-115.068,-92.1744,
744.8,-1370.82,-115.068,-92.1744,
744.9,-1370.82,-115.068,-92.1744,
745,-1370.82,-115.068,-92.1744,
745.1,-1370.83,-115.068,-92.1744,
745.2,-1370.83,-115.067,-92.1744,
745.3,-1370.84,-115.067,-92.1745,
745.4,-1370.84,-115.067,-92.1745,
745.5,-1370.84,-115.067,-92.1745,
745.6,-1370.84,-115.067,-92.1745,
745.7,-1370.85,-115.067,-92.1745,
745.8,-1370.85,-115.066,-92.1745,
745.9,-1370.85,-115.066,-92.1745,
746,-1370.86,-115.066,-92.1745,
746.1,-1370.86,-115.066,-92.1745,
746.2,-1370.86,-115.066,-92.1745,
746.3,-1370.87,-115.066,-92.1745,
746.4,-1370.87,-115.066,-92.1745,
746.5,-1370.87,-115.065,-92.1745,
746.6,-1370.87,-115.065,-92.1746,
746.7,-1370.88,-115.065,-92.1746,
746.8,-1370.88,-115.065,-92.1746,
746.9,-1370.88,-115.065,-92.1746,
747,-1370.88,-115.065,-92.1746,
747.1,-1370.89,-115.065,-92.1746,
747.2,-1370.89,-115.065,-92.1746,
747.3,-1370.89,-115.064,-92.1746,
747.4,-1370.89,-115.064,-92.1746,
747.5,-1370.89,-115.064,-92.1746,
747.6,-1370.9,-115.064,-92.1746,
747.7,-1370.9,-115.064,-92.1746,
747.8,-1370.9,-115.064,-92.1746,
747.9,-1370.9,-115.064,-92.1746,
748,-1370.91,-115.064,-92.1746,
748.1,-1370.91,-115.064,-92.1746,
748.2,-1370.91,-115.064,-92.1746,
748.3,-1370.91,-115.063,-92.1746,
748.4,-1370.91,-115.063,-92.1746,
748.5,-1370.92,-115.063,-92.1747,
748.6,-1370.92,-115.063,-92.1747,
748.7,-1370.92,-115.063,-92.1747,
748.8,-1370.92,-115.063,-92.1747,
748.9,-1370.92,-115.063,-92.1747,
749,-1370.92,-115.063,-92.1747,
749.1,-1370.93,-115.063,-92.1747,
749.2,-1370.93,-115.063,-92.1747,
749.3,-1370.93,-115.063,-92.1747,
749.4,-1370.93,-115.062,-92.1747,
749.5,-1370.93,-115.062,-92.1747,
749.6,-1370.93,-115.062,-92.1747,
749.7,-1370.94,-115.062,-92.1747,
749.8,-1370.94,-115.062,-92.1747,
749.9,-1370.94,-115.062,-92.1747,
750,-1370.94,-115.062,-92.1747,
750.1,-1322.87,-110.265,-92.1747,
750.2,-1278.15,-105.908,-92.187,
750.3,-1236.55,-101.953,-92.2095,
750.4,-1197.85,-98.3635,-92.2405,
750.5,-1161.84,-95.1077,-92.2785,
750.6,-1128.34,-92.1555,-92.3222,
750.7,-1097.17,-89.4796,-92.3704,
750.8,-1068.18,-87.0551,-92.4221,
750.9,-1041.2,-84.8593,-92.4764,
751,-1016.1,-82.8713,-92.5325,
751.1,-992.748,-81.0722,-92.5897,
751.2,-971.021,-79.4446,-92.6476,
751.3,-950.806,-77.9727,-92.7057,
751.4,-931.998,-76.642,-92.7634,
751.5,-914.498,-75.4393,-92.8205,
751.6,-898.216,-74.3526,-92.8768,
751.7,-883.066,-73.3711,-92.9319,
751.8,-868.97,-72.4846,-92.9856,
751.9,-855.855,-71.6841,-93.038,
752,-843.651,-70.9614,-93.0887,
752.1,-832.295,-70.3089,-93.1377,
752.2,-821.729,-69.7197,-93.185,
752.3,-811.897,-69.1878,-93.2305,
752.4,-802.749,-68.7073,-93.2742,
752.5,-794.236,-68.2731,-93.3161,
752.6,-786.314,-67.8807,-93.3562,
752.7,-778.943,-67.5258,-93.3945,
752.8,-772.083,-67.2045,-93.4311,
752.9,-765.7,-66.9134,-93.4659,
753,-759.76,-66.6494,-93.4991,
753.1,-754.232,-66.4096,-93.5306,
753.2,-749.088,-66.1914,-93.5606,
753.3,-744.301,-65.9926,-93.589,
753.4,-739.846,-65.8109,-93.616,
753.5,-735.7,-65.6447,-93.6415,
753.6,-731.842,-65.492,-93.6657,
753.7,-728.251,-65.3515,-93.6887,
753.8,-724.909,-65.2218,-93.7103,
753.9,-721.799,-65.1015,-93.7308,
754,-718.904,-64.9897,-93.7502,
754.1,-716.21,-64.8852,-93.7686,
754.2,-713.703,-64.7873,-93.7859,
754.3,-711.369,-64.6951,-93.8023,
754.4,-709.197,-64.6079,-93.8177,
754.5,-707.175,-64.5251,-93.8323,
754.6,-705.294,-64.4462,-93.8461,
754.7,-703.542,-64.3706,-93.8592,
754.8,-701.912,-64.2979,-93.8715,
754.9,-700.394,-64.2277,-93.8832,
755,-698.982,-64.1596,-93.8942,
755.1,-697.667,-64.0934,-93.9047,
755.2,-696.443,-64.0288,-93.9146,
755.3,-695.303,-63.9656,-93.9239,
755.4,-694.243,-63.9036,-93.9328,
755.5,-693.255,-63.8426,-93.9412,
755.6,-692.336,-63.7824,-93.9492,
755.7,-691.48,-63.7229,-93.9568,
755.8,-690.684,-63.6641,-93.964,
755.9,-689.942,-63.6057,-93.9709,
756,-689.251,-63.5478,-93.9774,
756.1,-688.608,-63.4903,-93.9837,
756.2,-688.01,-63.4331,-93.9896,
756.3,-687.452,-63.3762,-93.9953,
756.4,-686.933,-63.3196,-94.0007,
756.5,-686.45,-63.2632,-94.0059,
756.6,-686,-63.207,-94.0109,
756.7,-685.581,-63.151,-94.0156,
756.8,-685.191,-63.0952,-94.0202,
756.9,-684.828,-63.0396,-94.0246,
757,-684.489,-62.9842,-94.0289,
757.1,-684.174,-62.9289,-94.033,
757.2,-683.881,-62.8739,-94.0369,
757.3,-683.608,-62.8191,-94.0407,
757.4,-683.353,-62.7645,-94.0444,
757.5,-683.116,-62.7102,-94.048,
757.6,-682.895,-62.6561,-94.0515,
757.7,-682.69,-62.6022,-94.0548,
757.8,-682.498,-62.5487,-94.0581,
757.9,-682.32,-62.4954,-94.0613,
758,-682.153,-62.4425,-94.0644,
758.1,-681.999,-62.3898,-94.0674,
758.2,-681.854,-62.3375,-94.0703,
758.3,-681.72,-62.2856,-94.0732,
758.4,-681.595,-62.234,-94.076,
758.5,-681.478,-62.1829,-94.0787,
758.6,-681.369,-62.1321,-94.0814,
758.7,-681.268,-62.0817,-94.084,
758.8,-681.174,-62.0317,-94.0866,
758.9,-681.086,-61.9822,-94.0891,
759,-681.004,-61.9332,-94.0916,
759.1,-680.927,-61.8845,-94.094,
759.2,-680.856,-61.8364,-94.0964,
759.3,-680.79,-61.7887,-94.0987,
759.4,-680.728,-61.7415,-94.101,
759.5,-680.67,-61.6948,-94.1032,
759.6,-680.617,-61.6487,-94.1055,
759.7,-680.567,-61.603,-94.1076,
759.8,-680.52,-61.5578,-94.1098,
759.9,-680.476,-61.5131,-94.1119,
760,-680.436,-61.469,-94.114,
760.1,-680.398,-61.4254,-94.116,
760.2,-680.363,-61.3823,-94.1181,
760.3,-680.33,-61.3397,-94.12,
760.4,-680.299,-61.2977,-94.122,
760.5,-680.271,-61.2562,-94.1239,
760.6,-680.244,-61.2152,-94.1258,
760.7,-680.219,-61.1748,-94.1277,
760.8,-680.196,-61.1349,-94.1295,
760.9,-680.174,-61.0956,-94.1314,
761,-680.154,-61.0568,-94.1332,
761.1,-680.135,-61.0185,-94.1349,
761.2,-680.118,-60.9807,-94.1367,
761.3,-680.101,-60.9435,-94.1384,
761.4,-680.086,-60.9068,-94.1401,
761.5,-680.072,-60.8707,-94.1418,
761.6,-680.059,-60.835,-94.1434,
761.7,-680.046,-60.7999,-94.145,
761.8,-680.035,-60.7653,-94.1466,
761.9,-680.024,-60.7312,-94.1482,
762,-680.014,-60.6976,-94.1498,
762.1,-680.004,-60.6646,-94.1513,
762.2,-679.996,-60.632,-94.1528,
762.3,-679.987,-60.5999,-94.1543,
762.4,-679.98,-60.5683,-94.1558,
762.5,-679.973,-60.5372,-94.1572,
762.6,-679.966,-60.5066,-94.1586,
762.7,-679.96,-60.4765,-94.16,
762.8,-679.954,-60.4468,-94.1614,
762.9,-679.949,-60.4176,-94.1628,
763,-679.944,-60.3889,-94.1641,
763.1,-679.939,-60.3606,-94.1654,
763.2,-679.935,-60.3328,-94.1667,
763.3,-679.931,-60.3054,-94.168,
763.4,-679.927,-60.2785,-94.1693,
763.5,-679.923,-60.252,-94.1705,
763.6,-679.92,-60.2259,-94.1718,
763.7,-679.917,-60.2003,-94.173,
763.8,-679.914,-60.1751,-94.1742,
763.9,-679.911,-60.1503,-94.1753,
764,-679.909,-60.1259,-94.1765,
764.1,-679.907,-60.1019,-94.1776,
764.2,-679.905,-60.0783,-94.1787,
764.3,-679.903,-60.0551,-94.1798,
764.4,-679.901,-60.0323,-94.1809,
764.5,-679.899,-60.0098,-94.182,
764.6,-679.897,-59.9878,-94.183,
764.7,-679.896,-59.9661,-94.1841,
764.8,-679.895,-59.9447,-94.1851,
764.9,-679.893,-59.9238,-94.1861,
765,-679.892,-59.9032,-94.1871,
765.1,-679.891,-59.8829,-94.188,
765.2,-679.89,-59.863,-94.189,
765.3,-679.889,-59.8434,-94.1899,
765.4,-679.888,-59.8241,-94.1908,
765.5,-679.887,-59.8052,-94.1918,
765.6,-679.887,-59.7866,-94.1926,
765.7,-679.886,-59.7683,-94.1935,
765.8,-679.885,-59.7504,-94.1944,
765.9,-679.885,-59.7327,-94.1952,
766,-679.884,-59.7153,-94.1961,
766.1,-679.884,-59.6983,-94.1969,
766.2,-679.884,-59.6815,-94.1977,
766.3,-679.883,-59.665,-94.1985,
766.4,-679.883,-59.6488,-94.1993,
766.5,-679.883,-59.6329,-94.2,
766.6,-679.882,-59.6172,-94.2008,
766.7,-679.882,-59.6019,-94.2015,
766.8,-679.882,-59.5868,-94.2023,
766.9,-679.882,-59.5719,-94.203,
767,-679.882,-59.5573,-94.2037,
767.1,-679.881,-59.543,-94.2044,
767.2,-679.881,-59.5289,-94.2051,
767.3,-679.881,-59.515,-94.2058,
767.4,-679.881,-59.5014,-94.2064,
767.5,-679.881,-59.4881,-94.2071,
767.6,-679.881,-59.4749,-94.2077,
767.7,-679.881,-59.462,-94.2083,
767.8,-679.881,-59.4493,-94.2089,
767.9,-679.881,-59.4369,-94.2096,
768,-679.881,-59.4246,-94.2101,
768.1,-679.881,-59.4126,-94.2107,
768.2,-679.881,-59.4008,-94.2113,
768.3,-679.881,-59.3892,-94.2119,
768.4,-679.881,-59.3777,-94.2124,
768.5,-679.881,-59.3665,-94.213,
768.6,-679.882,-59.3555,-94.2135,
768.7,-679.882,-59.3447,-94.214,
768.8,-679.882,-59.334,-94.2146,
768.9,-679.882,-59.3236,-94.2151,
769,-679.882,-59.3133,-94.2156,
769.1,-679.882,-59.3032,-94.2161,
769.2,-679.882,-59.2933,-94.2166,
769.3,-679.882,-59.2836,-94.217,
769.4,-679.883,-59.274,-94.2175,
769.5,-679.883,-59.2646,-94.218,
769.6,-679.883,-59.2554,-94.2184,
769.7,-679.883,-59.2463,-94.2189,
769.8,-679.883,-59.2374,-94.2193,
769.9,-679.883,-59.2286,-94.2197,
770,-679.884,-59.22,-94.2201,
770.1,-679.884,-59.2116,-94.2206,
770.2,-679.884,-59.2032,-94.221,
770.3,-679.884,-59.1951,-94.2214,
770.4,-679.884,-59.1871,-94.2218,
770.5,-679.885,-59.1792,-94.2221,
770.6,-679.885,-59.1714,-94.2225,
770.7,-679.885,-59.1638,-94.2229,
770.8,-679.885,-59.1564,-94.2233,
770.9,-679.885,-59.149,-94.2236,
771,-679.886,-59.1418,-94.224,
771.1,-679.886,-59.1347,-94.2243,
771.2,-679.886,-59.1278,-94.2247,
771.3,-679.886,-59.1209,-94.225,
771.4,-679.886,-59.1142,-94.2253,
771.5,-679.887,-59.1076,-94.2256,
771.6,-679.887,-59.1011,-94.226,
771.7,-679.887,-59.0948,-94.2263,
771.8,-679.887,-59.0885,-94.2266,
771.9,-679.887,-59.0823,-94.2269,
772,-679.888,-59.0763,-94.2272,
772.1,-679.888,-59.0704,-94.2275,
772.2,-679.888,-59.0645,-94.2278,
772.3,-679.888,-59.0588,-94.228,
772.4,-679.888,-59.0532,-94.2283,
772.5,-679.889,-59.0477,-94.2286,
772.6,-679.889,-59.0422,-94.2289,
772.7,-679.889,-59.0369,-94.2291,
772.8,-679.889,-59.0316,-94.2294,
772.9,-679.89,-59.0265,-94.2296,
773,-679.89,-59.0214,-94.2299,
773.1,-679.89,-59.0165,-94.2301,
773.2,-679.89,-59.0116,-94.2304,
773.3,-679.89,-59.0068,-94.2306,
773.4,-679.891,-59.0021,-94.2308,
773.5,-679.891,-58.9974,-94.2311,
773.6,-679.891,-58.9929,-94.2313,
773.7,-679.891,-58.9884,-94.2315,
773.8,-679.891,-58.984,-94.2317,
773.9,-679.892,-58.9797,-94.2319,
774,-679.892,-58.9755,-94.2321,
774.1,-679.892,-58.9713,-94.2323,
774.2,-679.892,-58.9672,-94.2325,
774.3,-679.892,-58.9632,-94.2327,
774.4,-679.893,-58.9593,-94.2329,
774.5,-679.893,-58.9554,-94.2331,
774.6,-679.893,-58.9516,-94.2333,
774.7,-679.893,-58.9478,-94.2335,
774.8,-679.893,-58.9441,-94.2337,
774.9,-679.893,-58.9405,-94.2339,
775,-679.894,-58.937,-94.234,
775.1,-679.894,-58.9335,-94.2342,
775.2,-679.894,-58.9301,-94.2344,
775.3,-679.894,-58.9267,-94.2345,
775.4,-679.894,-58.9234,-94.2347,
775.5,-679.894,-58.9202,-94.2349,
775.6,-679.895,-58.917,-94.235,
775.7,-679.895,-58.9138,-94.2352,
775.8,-679.895,-58.9107,-94.2353,
775.9,-679.895,-58.9077,-94.2355,
776,-679.895,-58.9048,-94.2356,
776.1,-679.895,-58.9018,-94.2358,
776.2,-679.895,-58.899,-94.2359,
776.3,-679.896,-58.8961,-94.236,
776.4,-679.896,-58.8934,-94.2362,
776.5,-679.896,-58.8907,-94.2363,
776.6,-679.896,-58.888,-94.2364,
776.7,-679.896,-58.8854,-94.2366,
776.8,-679.896,-58.8828,-94.2367,
776.9,-679.896,-58.8802,-94.2368,
777,-679.897,-58.8778,-94.2369,
777.1,-679.897,-58.8753,-94.2371,
777.2,-679.897,-58.8729,-94.2372,
777.3,-679.897,-58.8706,-94.2373,
777.4,-679.897,-58.8682,-94.2374,
777.5,-679.897,-58.866,-94.2375,
777.6,-679.897,-58.8637,-94.2376,
777.7,-679.897,-58.8615,-94.2377,
777.8,-679.897,-58.8594,-94.2378,
777.9,-679.898,-58.8572,-94.238,
778,-679.898,-58.8552,-94.2381,
778.1,-679.898,-58.8531,-94.2382,
778.2,-679.898,-58.8511,-94.2383,
778.3,-679.898,-58.8491,-94.2383,
778.4,-679.898,-58.8472,-94.2384,
778.5,-679.898,-58.8453,-94.2385,
778.6,-679.898,-58.8434,-94.2386,
778.7,-679.898,-58.8416,-94.2387,
778.8,-679.898,-58.8398,-94.2388,
778.9,-679.898,-58.838,-94.2389,
779,-679.899,-58.8362,-94.239,
779.1,-679.899,-58.8345,-94.2391,
779.2,-679.899,-58.8328,-94.2392,
779.3,-679.899,-58.8312,-94.2392,
779.4,-679.899,-58.8296,-94.2393,
779.5,-679.899,-58.828,-94.2394,
779.6,-679.899,-58.8264,-94.2395,
779.7,-679.899,-58.8249,-94.2395,
779.8,-679.899,-58.8233,-94.2396,
779.9,-679.899,-58.8219,-94.2397,
780,-679.899,-58.8204,-94.2398,
780.1,-679.899,-58.819,-94.2398,
780.2,-679.899,-58.8176,-94.2399,
780.3,-679.9,-58.8162,-94.24,
780.4,-679.9,-58.8148,-94.24,
780.5,-679.9,-58.8135,-94.2401,
780.6,-679.9,-58.8122,-94.2402,
780.7,-679.9,-58.8109,-94.2402,
780.8,-679.9,-58.8096,-94.2403,
780.9,-679.9,-58.8084,-94.2404,
781,-679.9,-58.8071,-94.2404,
781.1,-679.9,-58.8059,-94.2405,
781.2,-679.9,-58.8048,-94.2405,
781.3,-679.9,-58.8036,-94.2406,
781.4,-679.9,-58.8025,-94.2406,
781.5,-679.9,-58.8013,-94.2407,
781.6,-679.9,-58.8002,-94.2408,
781.7,-679.9,-58.7992,-94.2408,
781.8,-679.9,-58.7981,-94.2409,
781.9,-679.9,-58.7971,-94.2409,
782,-679.901,-58.796,-94.241,
782.1,-679.901,-58.795,-94.241,
782.2,-679.901,-58.794,-94.2411,
782.3,-679.901,-58.7931,-94.2411,
782.4,-679.901,-58.7921,-94.2412,
782.5,-679.901,-58.7912,-94.2412,
782.6,-679.901,-58.7903,-94.2412,
782.7,-679.901,-58.7893,-94.2413,
782.8,-679.901,-58.7885,-94.2413,
782.9,-679.901,-58.7876,-94.2414,
783,-679.901,-58.7867,-94.2414,
783.1,-679.901,-58.7859,-94.2415,
783.2,-679.901,-58.7851,-94.2415,
783.3,-679.901,-58.7842,-94.2415,
783.4,-679.901,-58.7834,-94.2416,
783.5,-679.901,-58.7827,-94.2416,
783.6,-679.901,-58.7819,-94.2417,
783.7,-679.901,-58.7811,-94.2417,
783.8,-679.901,-58.7804,-94.2417,
783.9,-679.901,-58.7797,-94.2418,
784,-679.901,-58.7789,-94.2418,
784.1,-679.901,-58.7782,-94.2418,
784.2,-679.901,-58.7775,-94.2419,
784.3,-679.901,-58.7769,-94.2419,
784.4,-679.902,-58.7762,-94.2419,
784.5,-679.902,-58.7755,-94.242,
784.6,-679.902,-58.7749,-94.242,
784.7,-679.902,-58.7743,-94.242,
784.8,-679.902,-58.7736,-94.2421,
784.9,-679.902,-58.773,-94.2421,
785,-679.902,-58.7724,-94.2421,
785.1,-679.902,-58.7718,-94.2422,
785.2,-679.902,-58.7713,-94.2422,
785.3,-679.902,-58.7707,-94.2422,
785.4,-679.902,-58.7701,-94.2422,
785.5,-679.902,-58.7696,-94.2423,
785.6,-679.902,-58.769,-94.2423,
785.7,-679.902,-58.7685,-94.2423,
785.8,-679.902,-58.768,-94.2423,
785.9,-679.902,-58.7675,-94.2424,
786,-679.902,-58.767,-94.2424,
786.1,-679.902,-58.7665,-94.2424,
786.2,-679.902,-58.766,-94.2424,
786.3,-679.902,-58.7655,-94.2425,
786.4,-679.902,-58.765,-94.2425,
786.5,-679.902,-58.7646,-94.2425,
786.6,-679.902,-58.7641,-94.2425,
786.7,-679.902,-58.7637,-94.2426,
786.8,-679.902,-58.7633,-94.2426,
786.9,-679.902,-58.7628,-94.2426,
787,-679.902,-58.7624,-94.2426,
787.1,-679.902,-58.762,-94.2426,
787.2,-679.902,-58.7616,-94.2427,
787.3,-679.902,-58.7612,-94.2427,
787.4,-679.902,-58.7608,-94.2427,
787.5,-679.902,-58.7604,-94.2427,
787.6,-679.902,-58.76,-94.2427,
787.7,-679.902,-58.7597,-94.2428,
787.8,-679.902,-58.7593,-94.2428,
787.9,-679.902,-58.7589,-94.2428,
788,-679.902,-58.7586,-94.2428,
788.1,-679.902,-58.7582,-94.2428,
788.2,-679.902,-58.7579,-94.2428,
788.3,-679.902,-58.7576,-94.2429,
788.4,-679.902,-58.7572,-94.2429,
788.5,-679.902,-58.7569,-94.2429,
788.6,-679.902,-58.7566,-94.2429,
788.7,-679.902,-58.7563,-94.2429,
788.8,-679.903,-58.756,-94.2429,
788.9,-679.903,-58.7557,-94.2429,
789,-679.903,-58.7554,-94.243,
789.1,-679.903,-58.7551,-94.243,
789.2,-679.903,-58.7548,-94.243,
789.3,-679.903,-58.7545,-94.243,
789.4,-679.903,-58.7542,-94.243,
789.5,-679.903,-58.754,-94.243,
789.6,-679.903,-58.7537,-94.243,
789.7,-679.903,-58.7535,-94.2431,
789.8,-679.903,-58.7532,-94.2431,
789.9,-679.903,-58.7529,-94.2431,
790,-679.903,-58.7527,-94.2431,
790.1,-679.903,-58.7525,-94.2431,
790.2,-679.903,-58.7522,-94.2431,
790.3,-679.903,-58.752,-94.2431,
790.4,-679.903,-58.7518,-94.2431,
790.5,-679.903,-58.7515,-94.2432,
790.6,-679.903,-58.7513,-94.2432,
790.7,-679.903,-58.7511,-94.2432,
790.8,-679.903,-58.7509,-94.2432,
790.9,-679.903,-58.7507,-94.2432,
791,-679.903,-58.7505,-94.2432,
791.1,-679.903,-58.7503,-94.2432,
791.2,-679.903,-58.7501,-94.2432,
791.3,-679.903,-58.7499,-94.2432,
791.4,-679.903,-58.7497,-94.2432,
791.5,-679.903,-58.7495,-94.2433,
791.6,-679.903,-58.7493,-94.2433,
791.7,-679.903,-58.7491,-94.2433,
791.8,-679.903,-58.7489,-94.2433,
791.9,-679.903,-58.7487,-94.2433,
792,-679.903,-58.7486,-94.2433,
792.1,-679.903,-58.7484,-94.2433,
792.2,-679.903,-58.7482,-94.2433,
792.3,-679.903,-58.7481,-94.2433,
792.4,-679.903,-58.7479,-94.2433,
792.5,-679.903,-58.7478,-94.2433,
792.6,-679.903,-58.7476,-94.2433,
792.7,-679.903,-58.7474,-94.2434,
792.8,-679.903,-58.7473,-94.2434,
792.9,-679.903,-58.7471,-94.2434,
793,-679.903,-58.747,-94.2434,
793.1,-679.903,-58.7469,-94.2434,
793.2,-679.903,-58.7467,-94.2434,
793.3,-679.903,-58.7466,-94.2434,
793.4,-679.903,-58.7464,-94.2434,
793.5,-679.903,-58.7463,-94.2434,
793.6,-679.903,-58.7462,-94.2434,
793.7,-679.903,-58.7461,-94.2434,
793.8,-679.903,-58.7459,-94.2434,
793.9,-679.903,-58.7458,-94.2434,
794,-679.903,-58.7457,-94.2434,
794.1,-679.903,-58.7456,-94.2434,
794.2,-679.903,-58.7454,-94.2435,
794.3,-679.903,-58.7453,-94.2435,
794.4,-679.903,-58.7452,-94.2435,
794.5,-679.903,-58.7451,-94.2435,
794.6,-679.903,-58.745,-94.2435,
794.7,-679.903,-58.7449,-94.2435,
794.8,-679.903,-58.7448,-94.2435,
794.9,-679.903,-58.7447,-94.2435,
795,-679.903,-58.7446,-94.2435,
795.1,-679.903,-58.7445,-94.2435,
795.2,-679.903,-58.7444,-94.2435,
795.3,-679.903,-58.7443,-94.2435,
795.4,-679.903,-58.7442,-94.2435,
795.5,-679.903,-58.7441,-94.2435,
795.6,-679.903,-58.744,-94.2435,
795.7,-679.903,-58.7439,-94.2435,
795.8,-679.903,-58.7438,-94.2435,
795.9,-679.903,-58.7437,-94.2435,
796,-679.903,-58.7437,-94.2435,
796.1,-679.903,-58.7436,-94.2435,
796.2,-679.903,-58.7435,-94.2435,
796.3,-679.903,-58.7434,-94.2436,
796.4,-679.903,-58.7433,-94.2436,
796.5,-679.903,-58.7433,-94.2436,
796.6,-679.903,-58.7432,-94.2436,
796.7,-679.903,-58.7431,-94.2436,
796.8,-679.903,-58.743,-94.2436,
796.9,-679.903,-58.743,-94.2436,
797,-679.903,-58.7429,-94.2436,
797.1,-679.903,-58.7428,-94.2436,
797.2,-679.903,-58.7427,-94.2436,
797.3,-679.903,-58.7427,-94.2436,
797.4,-679.903,-58.7426,-94.2436,
797.5,-679.903,-58.7425,-94.2436,
797.6,-679.903,-58.7425,-94.2436,
797.7,-679.903,-58.7424,-94.2436,
797.8,-679.903,-58.7424,-94.2436,
797.9,-679.903,-58.7423,-94.2436,
798,-679.903,-58.7422,-94.2436,
798.1,-679.903,-58.7422,-94.2436,
798.2,-679.903,-58.7421,-94.2436,
798.3,-679.903,-58.7421,-94.2436,
798.4,-679.903,-58.742,-94.2436,
798.5,-679.903,-58.742,-94.2436,
798.6,-679.903,-58.7419,-94.2436,
798.7,-679.903,-58.7419,-94.2436,
798.8,-679.903,-58.7418,-94.2436,
798.9,-679.903,-58.7417,-94.2436,
799,-679.903,-58.7417,-94.2436,
799.1,-679.903,-58.7416,-94.2436,
799.2,-679.903,-58.7416,-94.2436,
799.3,-679.903,-58.7416,-94.2436,
799.4,-679.903,-58.7415,-94.2436,
799.5,-679.903,-58.7415,-94.2436,
799.6,-679.903,-58.7414,-94.2436,
799.7,-679.903,-58.7414,-94.2437,
799.8,-679.903,-58.7413,-94.2437,
799.9,-679.903,-58.7413,-94.2437,
800,-679.903,-58.7412,-94.2437,
