,1 2 3,1 2 4,1 2 5,2 2 3,
0.1,-100,-99.6897,-100,-99.6897,
0.2,-99.3814,-99.0879,-99.6907,-99.3982,
0.3,-98.8028,-98.5251,-99.4019,-99.126,
0.4,-98.2615,-97.9985,-99.1321,-98.8717,
0.5,-97.7547,-97.5056,-98.88,-98.6341,
0.6,-97.28,-97.044,-98.6443,-98.412,
0.7,-96.8353,-96.6115,-98.4237,-98.2042,
0.8,-96.4183,-96.206,-98.2173,-98.0098,
0.9,-96.0271,-95.8256,-98.0241,-97.8277,
1,-95.6599,-95.4686,-97.843,-97.6571,
1.1,-95.3151,-95.1334,-97.6732,-97.4971,
1.2,-94.9911,-94.8183,-97.5139,-97.347,
1.3,-94.6864,-94.5221,-97.3644,-97.2062,
1.4,-94.3998,-94.2435,-97.224,-97.0739,
1.5,-94.1299,-93.9811,-97.0921,-96.9495,
1.6,-93.8757,-93.7339,-96.968,-96.8326,
1.7,-93.636,-93.5009,-96.8512,-96.7225,
1.8,-93.4099,-93.281,-96.7412,-96.6188,
1.9,-93.1965,-93.0735,-96.6375,-96.521,
2,-92.9948,-92.8774,-96.5398,-96.4288,
2.1,-92.8041,-92.6919,-96.4475,-96.3418,
2.2,-92.6237,-92.5165,-96.3603,-96.2595,
2.3,-92.4529,-92.3503,-96.278,-96.1817,
2.4,-92.2911,-92.1928,-96.2,-96.1081,
2.5,-92.1376,-92.0435,-96.1262,-96.0384,
2.6,-91.9919,-91.9017,-96.0563,-95.9723,
2.7,-91.8535,-91.767,-95.99,-95.9096,
2.8,-91.7219,-91.6389,-95.927,-95.8501,
2.9,-91.5967,-91.517,-95.8672,-95.7935,
3,-91.4775,-91.401,-95.8103,-95.7397,
3.1,-91.3639,-91.2903,-95.7562,-95.6884,
3.2,-91.2556,-91.1848,-95.7047,-95.6396,
3.3,-91.1522,-91.084,-95.6556,-95.5931,
3.4,-91.0534,-90.9877,-95.6087,-95.5486,
3.5,-90.9589,-90.8956,-95.564,-95.5062,
3.6,-90.8685,-90.8075,-95.5212,-95.4656,
3.7,-90.7819,-90.7231,-95.4803,-95.4267,
3.8,-90.699,-90.6421,-95.4412,-95.3895,
3.9,-90.6194,-90.5645,-95.4037,-95.3538,
4,-90.543,-90.4899,-95.3677,-95.3196,
4.1,-90.4696,-90.4183,-95.3332,-95.2867,
4.2,-90.399,-90.3493,-95.3001,-95.2552,
4.3,-90.3311,-90.283,-95.2682,-95.2248,
4.4,-90.2657,-90.2191,-95.2376,-95.1956,
4.5,-90.2027,-90.1576,-95.2081,-95.1674,
4.6,-90.1419,-90.0982,-95.1797,-95.1403,
4.7,-90.0833,-90.0409,-95.1523,-95.1141,
4.8,-90.0267,-89.9855,-95.1259,-95.0889,
4.9,-89.972,-89.932,-95.1004,-95.0645,
5,-89.9191,-89.8802,-95.0757,-95.0409,
5.1,-89.8679,-89.8302,-95.0519,-95.018,
5.2,-89.8184,-89.7817,-95.0288,-94.996,
5.3,-89.7704,-89.7347,-95.0065,-94.9746,
5.4,-89.7239,-89.6891,-94.9849,-94.9539,
5.5,-89.6788,-89.645,-94.964,-94.9338,
5.6,-89.6351,-89.6021,-94.9437,-94.9143,
5.7,-89.5926,-89.5604,-94.924,-94.8953,
5.8,-89.5513,-89.52,-94.9049,-94.877,
5.9,-89.5112,-89.4807,-94.8863,-94.8591,
6,-89.4723,-89.4425,-94.8683,-94.8418,
6.1,-89.4344,-89.4053,-94.8507,-94.8249,
6.2,-89.3975,-89.3691,-94.8337,-94.8085,
6.3,-89.3616,-89.3338,-94.8171,-94.7925,
6.4,-89.3266,-89.2995,-94.8009,-94.7769,
6.5,-89.2925,-89.2661,-94.7852,-94.7618,
6.6,-89.2593,-89.2335,-94.7699,-94.747,
6.7,-89.2269,-89.2017,-94.7549,-94.7326,
6.8,-89.1954,-89.1707,-94.7404,-94.7185,
6.9,-89.1646,-89.1404,-94.7262,-94.7048,
7,-89.1345,-89.1109,-94.7124,-94.6915,
7.1,-89.1052,-89.082,-94.6988,-94.6784,
7.2,-89.0765,-89.0539,-94.6857,-94.6657,
7.3,-89.0486,-89.0264,-94.6728,-94.6532,
7.4,-89.0212,-88.9995,-94.6602,-94.6411,
7.5,-88.9945,-88.9733,-94.6479,-94.6292,
7.6,-88.9684,-88.9476,-94.6359,-94.6176,
7.7,-88.9429,-88.9225,-94.6242,-94.6063,
7.8,-88.9179,-88.8979,-94.6128,-94.5952,
7.9,-88.8935,-88.8739,-94.6016,-94.5843,
8,-88.8696,-88.8504,-94.5906,-94.5737,
8.1,-88.8463,-88.8275,-94.5799,-94.5633,
8.2,-88.8234,-88.805,-94.5694,-94.5532,
8.3,-88.801,-88.7829,-94.5591,-94.5433,
8.4,-88.7791,-88.7614,-94.5491,-94.5335,
8.5,-88.7577,-88.7403,-94.5393,-94.524,
8.6,-88.7367,-88.7196,-94.5297,-94.5147,
8.7,-88.7161,-88.6994,-94.5203,-94.5056,
8.8,-88.696,-88.6796,-94.511,-94.4966,
8.9,-88.6763,-88.6601,-94.502,-94.4879,
9,-88.657,-88.6411,-94.4932,-94.4793,
9.1,-88.638,-88.6225,-94.4845,-94.4709,
9.2,-88.6195,-88.6042,-94.4761,-94.4627,
9.3,-88.6013,-88.5863,-94.4678,-94.4547,
9.4,-88.5835,-88.5688,-94.4596,-94.4468,
9.5,-88.566,-88.5516,-94.4516,-94.439,
9.6,-88.5489,-88.5347,-94.4438,-94.4315,
9.7,-88.5321,-88.5182,-94.4362,-94.424,
9.8,-88.5157,-88.502,-94.4287,-94.4167,
9.9,-88.4996,-88.4861,-94.4213,-94.4096,
10,-88.4837,-88.4706,-94.4141,-94.4026,
10.1,-88.4682,-88.4553,-94.4071,-94.3958,
10.2,-88.453,-88.4403,-94.4001,-94.389,
10.3,-88.4381,-88.4256,-94.3933,-94.3825,
10.4,-88.4235,-88.4112,-94.3867,-94.376,
10.5,-88.4092,-88.3971,-94.3802,-94.3697,
10.6,-88.3951,-88.3833,-94.3738,-94.3635,
10.7,-88.3813,-88.3697,-94.3675,-94.3574,
10.8,-88.3678,-88.3563,-94.3614,-94.3514,
10.9,-88.3545,-88.3433,-94.3553,-94.3455,
11,-88.3415,-88.3304,-94.3494,-94.3398,
11.1,-88.3287,-88.3179,-94.3436,-94.3342,
11.2,-88.3162,-88.3055,-94.3379,-94.3287,
11.3,-88.3039,-88.2934,-94.3323,-94.3232,
11.4,-88.2918,-88.2815,-94.3269,-94.3179,
11.5,-88.28,-88.2699,-94.3215,-94.3127,
11.6,-88.2684,-88.2584,-94.3163,-94.3076,
11.7,-88.257,-88.2472,-94.3111,-94.3026,
11.8,-88.2458,-88.2362,-94.306,-94.2977,
11.9,-88.2348,-88.2254,-94.3011,-94.2929,
12,-88.2241,-88.2148,-94.2962,-94.2882,
12.1,-88.2135,-88.2044,-94.2914,-94.2835,
12.2,-88.2032,-88.1942,-94.2867,-94.279,
12.3,-88.193,-88.1842,-94.2821,-94.2745,
12.4,-88.183,-88.1743,-94.2776,-94.2701,
12.5,-88.1732,-88.1647,-94.2732,-94.2658,
12.6,-88.1636,-88.1552,-94.2689,-94.2616,
12.7,-88.1542,-88.1459,-94.2646,-94.2575,
12.8,-88.1449,-88.1368,-94.2604,-94.2534,
12.9,-88.1358,-88.1279,-94.2563,-94.2495,
13,-88.1269,-88.1191,-94.2523,-94.2456,
13.1,-88.1182,-88.1105,-94.2484,-94.2417,
13.2,-88.1096,-88.102,-94.2445,-94.238,
13.3,-88.1012,-88.0937,-94.2407,-94.2343,
13.4,-88.0929,-88.0856,-94.237,-94.2307,
13.5,-88.0848,-88.0776,-94.2333,-94.2271,
13.6,-88.0768,-88.0697,-94.2298,-94.2237,
13.7,-88.069,-88.062,-94.2262,-94.2203,
13.8,-88.0613,-88.0545,-94.2228,-94.2169,
13.9,-88.0538,-88.047,-94.2194,-94.2136,
14,-88.0464,-88.0398,-94.2161,-94.2104,
14.1,-88.0391,-88.0326,-94.2128,-94.2073,
14.2,-88.032,-88.0256,-94.2096,-94.2042,
14.3,-88.025,-88.0187,-94.2065,-94.2011,
14.4,-88.0182,-88.012,-94.2034,-94.1981,
14.5,-88.0114,-88.0053,-94.2004,-94.1952,
14.6,-88.0048,-87.9988,-94.1975,-94.1923,
14.7,-87.9983,-87.9924,-94.1945,-94.1895,
14.8,-87.992,-87.9862,-94.1917,-94.1867,
14.9,-87.9857,-87.98,-94.1889,-94.184,
15,-87.9796,-87.974,-94.1862,-94.1814,
15.1,-87.9735,-87.968,-94.1835,-94.1788,
15.2,-87.9676,-87.9622,-94.1808,-94.1762,
15.3,-87.9618,-87.9565,-94.1782,-94.1737,
15.4,-87.9561,-87.9509,-94.1757,-94.1712,
15.5,-87.9505,-87.9454,-94.1732,-94.1688,
15.6,-87.9451,-87.94,-94.1707,-94.1664,
15.7,-87.9397,-87.9347,-94.1683,-94.1641,
15.8,-87.9344,-87.9295,-94.166,-94.1618,
15.9,-87.9292,-87.9244,-94.1637,-94.1596,
16,-87.9241,-87.9194,-94.1614,-94.1574,
16.1,-87.9191,-87.9145,-94.1592,-94.1552,
16.2,-87.9142,-87.9096,-94.157,-94.1531,
16.3,-87.9094,-87.9049,-94.1549,-94.151,
16.4,-87.9046,-87.9002,-94.1528,-94.149,
16.5,-87.9,-87.8957,-94.1507,-94.147,
16.6,-87.8955,-87.8912,-94.1487,-94.145,
16.7,-87.891,-87.8868,-94.1467,-94.1431,
16.8,-87.8866,-87.8825,-94.1447,-94.1412,
16.9,-87.8823,-87.8782,-94.1428,-94.1394,
17,-87.878,-87.874,-94.1409,-94.1375,
17.1,-87.8739,-87.87,-94.1391,-94.1358,
17.2,-87.8698,-87.866,-94.1373,-94.134,
17.3,-87.8658,-87.862,-94.1355,-94.1323,
17.4,-87.8619,-87.8582,-94.1338,-94.1306,
17.5,-87.858,-87.8544,-94.1321,-94.129,
17.6,-87.8543,-87.8506,-94.1304,-94.1273,
17.7,-87.8505,-87.847,-94.1288,-94.1258,
17.8,-87.8469,-87.8434,-94.1272,-94.1242,
17.9,-87.8433,-87.8399,-94.1256,-94.1227,
18,-87.8398,-87.8364,-94.124,-94.1212,
18.1,-87.8364,-87.833,-94.1225,-94.1197,
18.2,-87.833,-87.8297,-94.121,-94.1182,
18.3,-87.8296,-87.8264,-94.1195,-94.1168,
18.4,-87.8264,-87.8232,-94.1181,-94.1154,
18.5,-87.8232,-87.8201,-94.1167,-94.1141,
18.6,-87.82,-87.817,-94.1153,-94.1127,
18.7,-87.817,-87.8139,-94.1139,-94.1114,
18.8,-87.8139,-87.811,-94.1126,-94.1101,
18.9,-87.811,-87.808,-94.1113,-94.1089,
19,-87.808,-87.8052,-94.11,-94.1076,
19.1,-87.8052,-87.8024,-94.1088,-94.1064,
19.2,-87.8024,-87.7996,-94.1075,-94.1052,
19.3,-87.7996,-87.7969,-94.1063,-94.104,
19.4,-87.7969,-87.7942,-94.1051,-94.1029,
19.5,-87.7942,-87.7916,-94.104,-94.1018,
19.6,-87.7916,-87.789,-94.1028,-94.1006,
19.7,-87.7891,-87.7865,-94.1017,-94.0996,
19.8,-87.7865,-87.784,-94.1006,-94.0985,
19.9,-87.7841,-87.7816,-94.0995,-94.0974,
20,-87.7816,-87.7792,-94.0985,-94.0964,
20.1,-87.7793,-87.7769,-94.0974,-94.0954,
20.2,-87.7769,-87.7746,-94.0964,-94.0944,
20.3,-87.7746,-87.7723,-94.0954,-94.0935,
20.4,-87.7724,-87.7701,-94.0944,-94.0925,
20.5,-87.7702,-87.768,-94.0934,-94.0916,
20.6,-87.768,-87.7658,-94.0925,-94.0907,
20.7,-87.7659,-87.7637,-94.0916,-94.0898,
20.8,-87.7638,-87.7617,-94.0907,-94.0889,
20.9,-87.7617,-87.7597,-94.0898,-94.088,
21,-87.7597,-87.7577,-94.0889,-94.0872,
21.1,-87.7578,-87.7557,-94.088,-94.0863,
21.2,-87.7558,-87.7538,-94.0872,-94.0855,
21.3,-87.7539,-87.752,-94.0864,-94.0847,
21.4,-87.752,-87.7501,-94.0855,-94.0839,
21.5,-87.7502,-87.7483,-94.0847,-94.0832,
21.6,-87.7484,-87.7465,-94.084,-94.0824,
21.7,-87.7466,-87.7448,-94.0832,-94.0817,
21.8,-87.7449,-87.7431,-94.0824,-94.0809,
21.9,-87.7432,-87.7414,-94.0817,-94.0802,
22,-87.7415,-87.7398,-94.081,-94.0795,
22.1,-87.7399,-87.7382,-94.0803,-94.0788,
22.2,-87.7383,-87.7366,-94.0796,-94.0782,
22.3,-87.7367,-87.735,-94.0789,-94.0775,
22.4,-87.7351,-87.7335,-94.0782,-94.0769,
22.5,-87.7336,-87.732,-94.0775,-94.0762,
22.6,-87.7321,-87.7305,-94.0769,-94.0756,
22.7,-87.7306,-87.7291,-94.0763,-94.075,
22.8,-87.7292,-87.7277,-94.0756,-94.0744,
22.9,-87.7278,-87.7263,-94.075,-94.0738,
23,-87.7264,-87.7249,-94.0744,-94.0732,
23.1,-87.725,-87.7236,-94.0738,-94.0726,
23.2,-87.7237,-87.7223,-94.0733,-94.0721,
23.3,-87.7224,-87.721,-94.0727,-94.0715,
23.4,-87.7211,-87.7197,-94.0721,-94.071,
23.5,-87.7198,-87.7185,-94.0716,-94.0705,
23.6,-87.7186,-87.7173,-94.0711,-94.07,
23.7,-87.7174,-87.7161,-94.0705,-94.0695,
23.8,-87.7162,-87.7149,-94.07,-94.069,
23.9,-87.715,-87.7137,-94.0695,-94.0685,
24,-87.7138,-87.7126,-94.069,-94.068,
24.1,-87.7127,-87.7115,-94.0685,-94.0675,
24.2,-87.7116,-87.7104,-94.0681,-94.0671,
24.3,-87.7105,-87.7093,-94.0676,-94.0666,
24.4,-87.7094,-87.7083,-94.0671,-94.0662,
24.5,-87.7084,-87.7072,-94.0667,-94.0657,
24.6,-87.7073,-87.7062,-94.0662,-94.0653,
24.7,-87.7063,-87.7052,-94.0658,-94.0649,
24.8,-87.7053,-87.7042,-94.0654,-94.0645,
24.9,-87.7043,-87.7033,-94.065,-94.0641,
25,-87.7034,-87.7023,-94.0645,-94.0637,
25.1,-87.7024,-87.7014,-94.0641,-94.0633,
25.2,-87.7015,-87.7005,-94.0637,-94.0629,
25.3,-87.7006,-87.6996,-94.0634,-94.0625,
25.4,-87.6997,-87.6987,-94.063,-94.0622,
25.5,-87.6989,-87.6979,-94.0626,-94.0618,
25.6,-87.698,-87.697,-94.0622,-94.0615,
25.7,-87.6972,-87.6962,-94.0619,-94.0611,
25.8,-87.6963,-87.6954,-94.0615,-94.0608,
25.9,-87.6955,-87.6946,-94.0612,-94.0604,
26,-87.6947,-87.6938,-94.0608,-94.0601,
26.1,-87.6939,-87.6931,-94.0605,-94.0598,
26.2,-87.6932,-87.6923,-94.0602,-94.0595,
26.3,-87.6924,-87.6916,-94.0599,-94.0592,
26.4,-87.6917,-87.6908,-94.0596,-94.0589,
26.5,-87.691,-87.6901,-94.0592,-94.0586,
26.6,-87.6902,-87.6894,-94.0589,-94.0583,
26.7,-87.6895,-87.6887,-94.0586,-94.058,
26.8,-87.6889,-87.6881,-94.0584,-94.0577,
26.9,-87.6882,-87.6874,-94.0581,-94.0574,
27,-87.6875,-87.6868,-94.0578,-94.0572,
27.1,-87.6869,-87.6861,-94.0575,-94.0569,
27.2,-87.6862,-87.6855,-94.0572,-94.0566,
27.3,-87.6856,-87.6849,-94.057,-94.0564,
27.4,-87.685,-87.6843,-94.0567,-94.0561,
27.5,-87.6844,-87.6837,-94.0565,-94.0559,
27.6,-87.6838,-87.6831,-94.0562,-94.0557,
27.7,-87.6832,-87.6825,-94.056,-94.0554,
27.8,-87.6826,-87.682,-94.0557,-94.0552,
27.9,-87.6821,-87.6814,-94.0555,-94.055,
28,-87.6815,-87.6809,-94.0553,-94.0547,
28.1,-87.681,-87.6804,-94.055,-94.0545,
28.2,-87.6805,-87.6798,-94.0548,-94.0543,
28.3,-87.6799,-87.6793,-94.0546,-94.0541,
28.4,-87.6794,-87.6788,-94.0544,-94.0539,
28.5,-87.6789,-87.6783,-94.0542,-94.0537,
28.6,-87.6784,-87.6779,-94.054,-94.0535,
28.7,-87.678,-87.6774,-94.0538,-94.0533,
28.8,-87.6775,-87.6769,-94.0536,-94.0531,
28.9,-87.677,-87.6765,-94.0534,-94.0529,
29,-87.6766,-87.676,-94.0532,-94.0527,
29.1,-87.6761,-87.6756,-94.053,-94.0526,
29.2,-87.6757,-87.6751,-94.0528,-94.0524,
29.3,-87.6752,-87.6747,-94.0526,-94.0522,
29.4,-87.6748,-87.6743,-94.0524,-94.052,
29.5,-87.6744,-87.6739,-94.0523,-94.0519,
29.6,-87.674,-87.6735,-94.0521,-94.0517,
29.7,-87.6736,-87.6731,-94.0519,-94.0515,
29.8,-87.6732,-87.6727,-94.0518,-94.0514,
29.9,-87.6728,-87.6723,-94.0516,-94.0512,
30,-87.6724,-87.672,-94.0514,-94.0511,
30.1,-87.6721,-87.6716,-94.0513,-94.0509,
30.2,-87.6717,-87.6712,-94.0511,-94.0508,
30.3,-87.6713,-87.6709,-94.051,-94.0506,
30.4,-87.671,-87.6706,-94.0508,-94.0505,
30.5,-87.6706,-87.6702,-94.0507,-94.0504,
30.6,-87.6703,-87.6699,-94.0506,-94.0502,
30.7,-87.67,-87.6696,-94.0504,-94.0501,
30.8,-87.6696,-87.6692,-94.0503,-94.05,
30.9,-87.6693,-87.6689,-94.0501,-94.0498,
31,-87.669,-87.6686,-94.05,-94.0497,
31.1,-87.6687,-87.6683,-94.0499,-94.0496,
31.2,-87.6684,-87.668,-94.0498,-94.0495,
31.3,-87.6681,-87.6677,-94.0496,-94.0493,
31.4,-87.6678,-87.6674,-94.0495,-94.0492,
31.5,-87.6675,-87.6671,-94.0494,-94.0491,
31.6,-87.6672,-87.6669,-94.0493,-94.049,
31.7,-87.6669,-87.6666,-94.0492,-94.0489,
31.8,-87.6667,-87.6663,-94.0491,-94.0488,
31.9,-87.6664,-87.6661,-94.0489,-94.0487,
32,-87.6661,-87.6658,-94.0488,-94.0486,
32.1,-87.6659,-87.6656,-94.0487,-94.0485,
32.2,-87.6656,-87.6653,-94.0486,-94.0484,
32.3,-87.6654,-87.6651,-94.0485,-94.0483,
32.4,-87.6651,-87.6648,-94.0484,-94.0482,
32.5,-87.6649,-87.6646,-94.0483,-94.0481,
32.6,-87.6647,-87.6644,-94.0482,-94.048,
32.7,-87.6644,-87.6641,-94.0481,-94.0479,
32.8,-87.6642,-87.6639,-94.048,-94.0478,
32.9,-87.664,-87.6637,-94.048,-94.0477,
33,-87.6638,-87.6635,-94.0479,-94.0476,
33.1,-87.6636,-87.6633,-94.0478,-94.0476,
33.2,-87.6634,-87.6631,-94.0477,-94.0475,
33.3,-87.6631,-87.6629,-94.0476,-94.0474,
33.4,-87.6629,-87.6627,-94.0475,-94.0473,
33.5,-87.6627,-87.6625,-94.0474,-94.0472,
33.6,-87.6625,-87.6623,-94.0474,-94.0472,
33.7,-87.6624,-87.6621,-94.0473,-94.0471,
33.8,-87.6622,-87.6619,-94.0472,-94.047,
33.9,-87.662,-87.6617,-94.0471,-94.0469,
34,-87.6618,-87.6616,-94.0471,-94.0469,
34.1,-87.6616,-87.6614,-94.047,-94.0468,
34.2,-87.6615,-87.6612,-94.0469,-94.0467,
34.3,-87.6613,-87.6611,-94.0468,-94.0467,
34.4,-87.6611,-87.6609,-94.0468,-94.0466,
34.5,-87.661,-87.6607,-94.0467,-94.0465,
34.6,-87.6608,-87.6606,-94.0466,-94.0465,
34.7,-87.6606,-87.6604,-94.0466,-94.0464,
34.8,-87.6605,-87.6603,-94.0465,-94.0464,
34.9,-87.6603,-87.6601,-94.0465,-94.0463,
35,-87.6602,-87.66,-94.0464,-94.0462,
35.1,-87.66,-87.6598,-94.0463,-94.0462,
35.2,-87.6599,-87.6597,-94.0463,-94.0461,
35.3,-87.6597,-87.6595,-94.0462,-94.0461,
35.4,-87.6596,-87.6594,-94.0462,-94.046,
35.5,-87.6595,-87.6593,-94.0461,-94.046,
35.6,-87.6593,-87.6591,-94.046,-94.0459,
35.7,-87.6592,-87.659,-94.046,-94.0459,
35.8,-87.6591,-87.6589,-94.0459,-94.0458,
35.9,-87.6589,-87.6588,-94.0459,-94.0458,
36,-87.6588,-87.6586,-94.0458,-94.0457,
36.1,-87.6587,-87.6585,-94.0458,-94.0457,
36.2,-87.6586,-87.6584,-94.0457,-94.0456,
36.3,-87.6585,-87.6583,-94.0457,-94.0456,
36.4,-87.6583,-87.6582,-94.0456,-94.0455,
36.5,-87.6582,-87.6581,-94.0456,-94.0455,
36.6,-87.6581,-87.658,-94.0456,-94.0454,
36.7,-87.658,-87.6579,-94.0455,-94.0454,
36.8,-87.6579,-87.6577,-94.0455,-94.0454,
36.9,-87.6578,-87.6576,-94.0454,-94.0453,
37,-87.6577,-87.6575,-94.0454,-94.0453,
37.1,-87.6576,-87.6574,-94.0453,-94.0452,
37.2,-87.6575,-87.6573,-94.0453,-94.0452,
37.3,-87.6574,-87.6572,-94.0453,-94.0452,
37.4,-87.6573,-87.6572,-94.0452,-94.0451,
37.5,-87.6572,-87.6571,-94.0452,-94.0451,
37.6,-87.6571,-87.657,-94.0452,-94.0451,
37.7,-87.657,-87.6569,-94.0451,-94.045,
37.8,-87.6569,-87.6568,-94.0451,-94.045,
37.9,-87.6568,-87.6567,-94.045,-94.045,
38,-87.6567,-87.6566,-94.045,-94.0449,
38.1,-87.6567,-87.6565,-94.045,-94.0449,
38.2,-87.6566,-87.6565,-94.0449,-94.0449,
38.3,-87.6565,-87.6564,-94.0449,-94.0448,
38.4,-87.6564,-87.6563,-94.0449,-94.0448,
38.5,-87.6563,-87.6562,-94.0448,-94.0448,
38.6,-87.6563,-87.6562,-94.0448,-94.0447,
38.7,-87.6562,-87.6561,-94.0448,-94.0447,
38.8,-87.6561,-87.656,-94.0448,-94.0447,
38.9,-87.656,-87.6559,-94.0447,-94.0446,
39,-87.656,-87.6559,-94.0447,-94.0446,
39.1,-87.6559,-87.6558,-94.0447,-94.0446,
39.2,-87.6558,-87.6557,-94.0446,-94.0446,
39.3,-87.6558,-87.6557,-94.0446,-94.0445,
39.4,-87.6557,-87.6556,-94.0446,-94.0445,
39.5,-87.6556,-87.6555,-94.0446,-94.0445,
39.6,-87.6556,-87.6555,-94.0445,-94.0445,
39.7,-87.6555,-87.6554,-94.0445,-94.0444,
39.8,-87.6554,-87.6553,-94.0445,-94.0444,
39.9,-87.6554,-87.6553,-94.0445,-94.0444,
40,-87.6553,-87.6552,-94.0444,-94.0444,
40.1,-87.6553,-87.6552,-94.0444,-94.0444,
40.2,-87.6552,-87.6551,-94.0444,-94.0443,
40.3,-87.6551,-87.6551,-94.0444,-94.0443,
40.4,-87.6551,-87.655,-94.0444,-94.0443,
40.5,-87.655,-87.655,-94.0443,-94.0443,
40.6,-87.655,-87.6549,-94.0443,-94.0443,
40.7,-87.6549,-87.6549,-94.0443,-94.0442,
40.8,-87.6549,-87.6548,-94.0443,-94.0442,
40.9,-87.6548,-87.6548,-94.0443,-94.0442,
41,-87.6548,-87.6547,-94.0442,-94.0442,
41.1,-87.6547,-87.6547,-94.0442,-94.0442,
41.2,-87.6547,-87.6546,-94.0442,-94.0441,
41.3,-87.6546,-87.6546,-94.0442,-94.0441,
41.4,-87.6546,-87.6545,-94.0442,-94.0441,
41.5,-87.6545,-87.6545,-94.0441,-94.0441,
41.6,-87.6545,-87.6544,-94.0441,-94.0441,
41.7,-87.6545,-87.6544,-94.0441,-94.0441,
41.8,-87.6544,-87.6544,-94.0441,-94.044,
41.9,-87.6544,-87.6543,-94.0441,-94.044,
42,-87.6543,-87.6543,-94.0441,-94.044,
42.1,-87.6543,-87.6542,-94.044,-94.044,
42.2,-87.6543,-87.6542,-94.044,-94.044,
42.3,-87.6542,-87.6542,-94.044,-94.044,
42.4,-87.6542,-87.6541,-94.044,-94.044,
42.5,-87.6541,-87.6541,-94.044,-94.0439,
42.6,-87.6541,-87.654,-94.044,-94.0439,
42.7,-87.6541,-87.654,-94.044,-94.0439,
42.8,-87.654,-87.654,-94.0439,-94.0439,
42.9,-87.654,-87.6539,-94.0439,-94.0439,
43,-87.654,-87.6539,-94.0439,-94.0439,
43.1,-87.6539,-87.6539,-94.0439,-94.0439,
43.2,-87.6539,-87.6538,-94.0439,-94.0439,
43.3,-87.6539,-87.6538,-94.0439,-94.0438,
43.4,-87.6538,-87.6538,-94.0439,-94.0438,
43.5,-87.6538,-87.6538,-94.0439,-94.0438,
43.6,-87.6538,-87.6537,-94.0438,-94.0438,
43.7,-87.6537,-87.6537,-94.0438,-94.0438,
43.8,-87.6537,-87.6537,-94.0438,-94.0438,
43.9,-87.6537,-87.6536,-94.0438,-94.0438,
44,-87.6537,-87.6536,-94.0438,-94.0438,
44.1,-87.6536,-87.6536,-94.0438,-94.0438,
44.2,-87.6536,-87.6536,-94.0438,-94.0437,
44.3,-87.6536,-87.6535,-94.0438,-94.0437,
44.4,-87.6535,-87.6535,-94.0438,-94.0437,
44.5,-87.6535,-87.6535,-94.0437,-94.0437,
44.6,-87.6535,-87.6535,-94.0437,-94.0437,
44.7,-87.6535,-87.6534,-94.0437,-94.0437,
44.8,-87.6534,-87.6534,-94.0437,-94.0437,
44.9,-87.6534,-87.6534,-94.0437,-94.0437,
45,-87.6534,-87.6534,-94.0437,-94.0437,
45.1,-87.6534,-87.6533,-94.0437,-94.0437,
45.2,-87.6533,-87.6533,-94.0437,-94.0437,
45.3,-87.6533,-87.6533,-94.0437,-94.0436,
45.4,-87.6533,-87.6533,-94.0437,-94.0436,
45.5,-87.6533,-87.6532,-94.0437,-94.0436,
45.6,-87.6533,-87.6532,-94.0436,-94.0436,
45.7,-87.6532,-87.6532,-94.0436,-94.0436,
45.8,-87.6532,-87.6532,-94.0436,-94.0436,
45.9,-87.6532,-87.6532,-94.0436,-94.0436,
46,-87.6532,-87.6531,-94.0436,-94.0436,
46.1,-87.6532,-87.6531,-94.0436,-94.0436,
46.2,-87.6531,-87.6531,-94.0436,-94.0436,
46.3,-87.6531,-87.6531,-94.0436,-94.0436,
46.4,-87.6531,-87.6531,-94.0436,-94.0436,
46.5,-87.6531,-87.6531,-94.0436,-94.0436,
46.6,-87.6531,-87.653,-94.0436,-94.0436,
46.7,-87.6531,-87.653,-94.0436,-94.0435,
46.8,-87.653,-87.653,-94.0436,-94.0435,
46.9,-87.653,-87.653,-94.0436,-94.0435,
47,-87.653,-87.653,-94.0435,-94.0435,
47.1,-87.653,-87.653,-94.0435,-94.0435,
47.2,-87.653,-87.6529,-94.0435,-94.0435,
47.3,-87.653,-87.6529,-94.0435,-94.0435,
47.4,-87.6529,-87.6529,-94.0435,-94.0435,
47.5,-87.6529,-87.6529,-94.0435,-94.0435,
47.6,-87.6529,-87.6529,-94.0435,-94.0435,
47.7,-87.6529,-87.6529,-94.0435,-94.0435,
47.8,-87.6529,-87.6529,-94.0435,-94.0435,
47.9,-87.6529,-87.6528,-94.0435,-94.0435,
48,-87.6529,-87.6528,-94.0435,-94.0435,
48.1,-87.6528,-87.6528,-94.0435,-94.0435,
48.2,-87.6528,-87.6528,-94.0435,-94.0435,
48.3,-87.6528,-87.6528,-94.0435,-94.0435,
48.4,-87.6528,-87.6528,-94.0435,-94.0435,
48.5,-87.6528,-87.6528,-94.0435,-94.0435,
48.6,-87.6528,-87.6528,-94.0435,-94.0434,
48.7,-87.6528,-87.6527,-94.0435,-94.0434,
48.8,-87.6528,-87.6527,-94.0435,-94.0434,
48.9,-87.6527,-87.6527,-94.0435,-94.0434,
49,-87.6527,-87.6527,-94.0434,-94.0434,
49.1,-87.6527,-87.6527,-94.0434,-94.0434,
49.2,-87.6527,-87.6527,-94.0434,-94.0434,
49.3,-87.6527,-87.6527,-94.0434,-94.0434,
49.4,-87.6527,-87.6527,-94.0434,-94.0434,
49.5,-87.6527,-87.6527,-94.0434,-94.0434,
49.6,-87.6527,-87.6527,-94.0434,-94.0434,
49.7,-87.6527,-87.6526,-94.0434,-94.0434,
49.8,-87.6527,-87.6526,-94.0434,-94.0434,
49.9,-87.6526,-87.6526,-94.0434,-94.0434,
50,-87.6526,-87.6526,-94.0434,-94.0434,
